77,67,83,74,83
77,68,83,77,85
79,69,86,183,87
182,172,112,199,93
172,186,210,179,213
173,178,182,149,236
172,178,182,135,227
140,143,176,118,229
104,103,145,108,182
92,88,108,93,133
79,74,97,89,110
58,62,46,95,42
29,32,25,103,27
24,27,20,52,21
21,20,16,22,20
20,19,17,23,21
21,20,17,23,22
21,20,17,24,23
22,20,18,24,24
22,21,18,24,23
21,20,17,24,23
22,21,17,23,22
21,20,18,23,22
21,21,18,23,20
23,25,19,23,23
32,30,26,23,40
44,44,33,23,53
43,42,33,23,55
45,44,34,23,54
46,46,35,22,48
40,39,30,22,38
35,38,31,22,37
45,42,36,20,44
53,52,39,22,41
51,51,36,22,42
52,50,37,27,36
53,54,41,35,35
52,52,43,41,35
46,42,41,43,32
41,37,33,40,35
40,40,31,36,36
42,39,32,33,40
37,37,28,33,28
32,41,28,38,29
37,48,24,38,26
41,36,22,32,28
34,30,22,29,30
36,30,39,31,33
36,29,27,30,39
38,29,27,32,38
36,31,29,30,37
39,33,34,32,36
34,31,35,36,34
36,31,35,39,31
41,31,40,52,32
43,34,39,47,29
49,38,31,44,24
54,43,29,35,23
48,47,34,31,21
36,48,36,31,24
35,51,36,30,27
26,37,43,31,35
29,28,37,42,37
41,36,39,61,39
48,39,39,59,37
47,41,37,55,36
49,46,37,50,40
55,54,44,45,53
57,57,54,48,55
58,58,56,50,55
60,57,59,59,54
61,55,59,62,56
61,57,54,59,58
61,59,50,63,56
58,58,49,67,53
55,55,45,59,50
51,52,46,56,51
46,48,44,58,48
50,45,43,56,47
50,42,42,55,48
50,43,41,53,48
53,46,42,49,44
53,49,43,49,47
52,51,51,48,51
53,54,51,46,53
69,65,58,50,61
81,73,72,54,67
72,65,63,62,65
69,62,62,56,58
68,62,60,52,56
65,60,56,51,54
57,54,51,47,41
53,51,44,48,35
45,41,34,46,27
31,30,25,37,24
20,18,19,21,24
20,19,18,22,22
20,18,19,21,22
22,18,30,20,20
21,18,18,21,23
21,17,17,21,22
22,17,19,20,21
23,17,18,21,22
21,18,17,21,22
19,17,17,21,22
19,18,17,21,22
19,19,17,19,22
20,19,17,19,22
19,18,17,20,21
20,23,17,20,22
20,19,17,21,22
21,20,17,21,22
21,20,16,22,23
21,20,16,20,22
20,20,16,20,22
20,20,16,21,22
30,22,24,27,29
37,28,31,51,30
43,27,32,62,25
36,27,36,62,25
32,24,33,62,32
32,24,28,51,39
33,24,26,42,33
54,29,58,50,43
74,35,67,65,62
77,67,73,78,72
82,67,73,86,75
82,68,71,94,74
81,70,70,92,71
78,70,68,79,70
74,65,59,74,66
69,60,56,71,59
64,57,58,69,52
58,53,51,64,49
56,55,45,58,57
61,61,58,55,60
61,59,58,50,57
56,53,55,49,58
55,52,56,52,58
54,51,55,54,55
54,49,55,54,54
58,50,58,54,55
63,51,58,54,58
63,52,60,55,59
61,53,60,56,61
59,52,59,58,61
60,52,58,64,61
62,54,57,59,59
62,55,58,58,57
60,55,56,57,57
57,57,58,56,56
67,61,78,57,66
81,77,87,56,78
95,85,93,55,85
102,90,93,69,94
103,94,93,76,86
99,91,105,76,77
96,89,84,70,66
85,80,67,62,62
67,55,56,59,58
54,48,50,65,67
52,49,51,58,61
53,49,48,53,57
47,42,42,52,53
46,45,50,51,57
68,57,66,46,71
68,58,70,57,73
68,58,68,64,75
67,58,68,63,66
68,60,73,59,60
69,60,71,61,57
73,58,60,51,54
70,59,56,43,55
66,57,56,38,56
61,56,53,35,54
51,54,52,30,52
40,49,51,29,51
43,36,52,23,49
51,42,55,30,43
60,57,55,53,52
69,69,54,36,53
73,74,57,32,58
76,75,61,39,56
78,77,67,57,56
76,74,72,62,63
76,76,72,72,70
79,76,73,84,74
80,78,75,82,77
83,82,89,78,77
90,83,95,77,83
100,88,87,82,90
97,92,88,87,85
97,93,84,86,80
97,94,74,98,77
87,93,73,92,68
81,77,68,82,62
81,77,68,88,60
78,73,74,89,63
79,70,74,79,63
73,68,66,73,66
72,69,67,69,64
73,69,67,69,69
75,73,69,70,73
77,77,74,70,79
77,75,78,69,77
78,73,79,68,77
70,67,77,63,75
65,68,69,56,67
60,60,55,47,62
32,40,31,30,49
28,27,27,30,49
27,25,26,31,29
44,37,51,33,51
67,58,68,78,75
103,99,112,109,111
84,99,95,123,115
83,113,110,118,113
84,122,117,84,131
65,103,101,64,97
43,72,64,39,65
23,47,41,24,37
23,26,47,23,27
23,26,22,22,23
26,26,20,23,24
26,27,25,22,27
34,39,29,21,30
37,42,32,24,30
40,49,35,31,29
41,40,34,30,27
39,36,30,25,25
34,33,27,25,26
31,29,26,25,25
29,26,26,25,25
28,25,27,24,25
28,26,26,25,25
24,23,25,25,25
23,21,25,24,24
31,24,25,24,30
44,29,33,24,28
32,36,31,25,28
18,21,32,25,24
17,17,26,21,20
18,18,23,21,20
17,17,19,21,18
16,15,16,20,19
16,15,16,20,17
16,16,14,20,16
16,17,14,20,15
14,12,18,18,15
18,16,30,16,21
16,23,30,19,25
17,15,21,19,19
18,17,19,21,19
21,18,22,20,19
27,17,21,22,19
21,17,20,22,19
18,17,22,20,19
20,20,20,19,21
24,28,22,20,24
28,28,30,34,32
34,29,33,40,41
38,29,36,43,44
40,29,40,54,48
41,32,40,51,50
43,34,46,44,50
46,36,39,45,47
46,39,41,41,46
49,42,43,37,34
49,39,39,28,33
36,39,31,22,30
25,30,28,19,28
28,25,31,20,28
29,25,33,20,31
31,29,38,20,35
28,31,40,22,40
27,28,43,25,39
40,39,51,34,43
46,47,57,31,50
46,46,57,29,53
51,47,59,31,52
52,47,60,33,53
52,49,55,37,55
54,51,57,40,56
61,56,59,55,60
63,57,63,61,62
67,60,67,59,69
67,63,69,73,70
64,67,68,59,62
58,64,67,53,61
58,64,69,51,59
58,59,64,50,56
50,50,62,33,56
52,46,54,25,53
40,53,52,22,44
34,50,53,21,44
37,33,52,18,44
31,25,35,19,55
43,52,52,21,65
56,56,60,27,61
56,57,54,23,58
54,54,52,42,50
52,52,51,47,48
52,51,52,48,46
53,50,51,51,57
57,50,59,53,63
64,59,70,57,66
68,63,75,70,77
70,70,80,82,78
74,72,87,78,82
79,74,92,77,72
85,82,77,74,66
93,85,62,70,62
87,92,63,67,63
72,94,63,63,61
72,72,59,64,59
75,73,70,63,59
79,73,57,59,62
83,75,56,58,65
95,83,61,60,68
112,109,75,68,78
113,122,97,77,82
124,127,112,102,94
124,130,125,112,110
123,133,108,122,89
120,130,109,130,76
118,127,109,140,76
118,138,102,166,99
155,148,134,188,105
168,155,148,189,122
186,178,152,185,132
188,190,144,173,134
193,198,140,168,138
173,200,123,183,133
155,180,119,170,115
137,170,118,160,117
130,160,112,140,123
139,152,113,135,117
138,140,118,127,112
130,139,122,117,99
129,143,129,110,107
130,166,133,110,125
140,149,130,108,159
159,163,155,107,153
170,182,182,140,168
183,188,190,159,168
188,203,185,99,160
178,178,142,80,156
159,155,182,70,160
115,115,162,77,143
95,103,144,86,132
93,102,138,110,132
123,130,142,127,132
130,135,142,145,138
138,147,140,123,142
119,118,127,110,134
88,88,93,120,92
67,72,95,104,57
65,73,60,83,52
65,64,52,73,53
62,58,49,61,55
61,57,46,56,53
62,62,49,56,53
60,65,55,58,57
54,57,89,59,63
55,53,97,62,79
57,53,93,69,83
58,52,78,72,77
51,47,82,58,80
43,43,74,57,70
39,36,64,55,62
44,44,51,54,52
53,49,52,53,59
59,54,57,54,61
59,68,62,54,62
59,67,59,54,58
58,67,58,54,59
59,65,61,58,58
59,67,65,64,68
65,68,69,70,72
68,68,67,69,70
78,69,74,73,68
80,78,77,62,62
60,72,72,61,40
50,50,52,43,38
30,26,42,25,34
18,18,28,22,30
19,19,23,21,22
19,17,18,21,23
15,15,17,20,22
16,16,16,20,22
19,18,15,23,21
21,20,17,25,21
21,21,17,26,22
21,22,18,27,22
22,23,19,27,23
22,24,19,28,24
22,23,23,27,34
21,22,36,25,49
23,20,47,23,49
41,28,47,22,47
40,32,47,37,48
46,40,50,30,49
60,62,56,38,56
74,79,74,54,67
78,79,83,63,75
72,79,97,70,92
63,75,78,78,92
62,73,74,77,84
57,70,78,83,82
58,69,78,90,80
63,74,74,93,79
63,69,82,92,82
62,73,88,88,85
68,75,92,83,90
68,75,83,85,84
75,78,70,77,72
59,77,68,64,59
44,57,65,63,55
38,46,63,63,50
48,48,60,69,52
59,59,57,73,54
67,70,55,77,55
74,79,65,88,57
92,89,73,77,65
107,105,92,83,89
113,110,98,80,109
94,107,99,80,99
100,103,93,79,97
109,112,78,82,97
104,112,78,83,90
100,105,83,84,90
92,99,94,84,90
90,92,99,85,90
99,93,102,90,92
103,104,103,88,94
102,104,100,87,93
94,98,92,94,94
93,98,94,92,95
99,109,103,90,104
120,119,117,87,113
122,135,128,88,119
125,139,135,92,125
130,137,143,97,128
128,135,142,112,129
128,140,142,130,132
134,156,145,137,138
139,178,153,139,144
145,190,160,150,150
163,200,175,163,160
170,196,178,172,162
175,193,188,178,172
183,199,192,175,169
183,201,192,175,145
185,202,189,176,172
189,207,179,178,172
189,210,175,178,179
188,208,175,179,178
188,207,179,178,163
183,210,189,179,169
185,212,195,182,172
190,202,196,182,180
193,207,202,186,195
201,210,210,195,204
206,213,217,203,206
204,214,190,215,183
186,207,179,219,169
180,207,176,223,156
173,208,183,226,156
189,200,188,226,158
190,193,193,227,159
195,192,193,230,176
176,179,188,230,175
173,173,183,225,173
162,175,173,220,172
158,165,172,215,163
150,165,168,205,158
145,156,173,196,142
149,152,176,198,134
156,156,189,176,133
158,165,193,160,137
144,156,180,149,140
142,158,169,139,144
139,152,163,137,137
137,150,155,138,137
133,147,152,135,135
134,142,153,130,135
134,142,140,118,133
114,125,125,83,102
88,102,102,65,98
67,69,83,49,84
55,54,68,43,62
53,54,55,45,53
52,54,53,49,53
55,53,54,45,54
59,55,58,45,60
63,58,65,46,67
65,63,73,48,70
68,67,78,55,74
69,65,80,62,79
68,68,62,52,80
21,30,16,24,62
23,21,15,27,20
23,20,15,27,21
23,20,15,26,21
22,21,16,26,21
22,21,16,25,22
20,20,15,25,20
20,18,15,24,18
21,19,15,24,19
22,20,16,24,21
24,22,17,25,22
25,23,18,27,24
25,24,19,28,25
26,24,20,28,26
26,24,20,29,26
25,25,20,29,25
25,24,20,28,25
24,22,19,24,24
23,20,16,23,23
22,20,17,23,23
20,18,16,23,23
20,18,15,24,24
20,19,14,24,23
20,19,14,23,19
20,19,13,22,16
19,19,17,23,16
19,17,18,23,19
17,17,23,22,15
15,14,26,21,18
15,12,23,22,17
17,13,25,17,21
16,16,27,18,24
16,19,25,19,24
17,15,22,21,19
18,16,20,22,24
19,20,18,25,20
19,20,16,26,20
19,20,16,26,20
19,21,16,25,21
19,19,17,24,21
17,17,16,22,26
19,17,26,25,34
22,17,21,24,34
25,21,21,27,40
34,34,26,29,48
55,51,52,48,57
55,51,55,62,61
53,50,56,60,57
54,55,55,66,65
54,56,55,60,66
56,55,58,54,63
56,54,57,51,62
52,50,59,51,63
51,48,55,51,63
49,47,51,52,59
48,46,56,54,59
45,40,50,57,62
40,36,41,62,61
36,33,45,54,56
37,34,46,47,51
39,38,43,44,45
45,46,42,43,48
47,45,46,42,47
48,46,55,45,51
51,47,57,49,52
52,48,58,51,55
55,49,60,57,58
55,51,61,66,64
56,52,61,66,63
74,70,87,69,72
84,75,89,73,74
90,84,99,75,83
92,92,105,80,94
95,95,108,84,98
102,104,108,97,102
108,113,108,100,102
117,125,110,104,107
127,132,115,112,122
128,130,128,117,130
130,132,143,122,140
142,139,148,127,149
144,144,132,139,143
145,149,143,155,133
150,150,145,148,132
165,156,139,138,132
139,159,137,124,127
133,148,140,129,130
139,139,140,133,130
145,142,132,133,173
138,147,124,133,130
144,148,115,134,134
129,148,114,133,135
134,148,117,133,138
158,148,123,132,134
172,212,132,140,147
178,210,149,158,163
185,212,170,169,195
190,213,185,182,200
195,222,188,200,210
201,228,190,205,214
204,232,193,211,210
205,235,196,217,216
208,235,209,229,224
208,237,214,235,228
211,222,212,241,227
216,218,215,247,231
216,219,216,247,227
219,217,220,245,223
214,217,219,243,222
214,220,218,238,212
225,216,222,239,217
234,222,232,238,206
232,229,234,233,219
234,233,235,228,221
229,239,236,224,217
223,236,241,223,212
220,232,242,219,219
221,229,242,220,212
223,234,249,217,217
230,238,256,220,229
235,245,258,223,239
239,249,261,225,237
238,253,270,239,243
247,261,278,246,247
176,211,176,240,148
24,25,20,220,25
25,24,20,134,26
25,24,20,27,27
24,24,20,26,28
25,24,21,26,27
24,24,21,25,27
25,24,20,23,27
24,24,20,22,26
27,24,26,19,27
48,39,44,20,49
47,39,45,31,51
43,39,44,34,45
41,40,25,33,27
33,40,21,28,25
33,35,20,26,24
37,38,25,24,40
36,36,26,23,44
33,31,26,25,38
32,28,28,27,30
28,25,26,29,27
28,25,24,33,30
33,26,28,33,34
34,26,28,34,31
38,28,30,36,32
35,30,31,37,31
39,33,34,42,35
39,36,34,35,39
34,32,29,33,36
29,27,26,31,31
38,26,29,32,31
36,26,36,33,32
36,31,32,30,34
34,30,29,25,33
32,27,27,24,29
24,23,21,24,24
20,20,18,24,22
20,20,17,23,20
19,19,20,23,19
19,19,31,23,20
22,21,27,23,23
23,21,27,24,27
25,22,28,25,33
26,24,28,25,32
25,23,25,26,32
26,23,24,27,31
25,24,23,27,31
28,25,23,27,33
23,30,23,25,29
26,24,23,25,41
27,21,23,23,28
32,21,18,24,22
21,20,17,24,18
19,19,18,23,19
18,17,19,23,19
18,18,18,21,18
16,15,17,22,17
15,14,16,21,19
15,13,16,19,19
16,13,13,19,20
15,13,15,20,19
20,14,14,19,15
24,21,22,17,23
38,30,27,18,30
43,39,39,32,37
52,52,46,37,49
69,61,61,55,59
60,54,60,57,57
61,54,55,62,56
62,54,56,79,59
58,52,55,77,60
56,52,61,74,61
53,47,64,78,61
55,46,63,78,64
58,52,64,72,63
74,59,67,72,65
75,68,71,70,66
77,70,76,73,71
74,74,74,69,73
72,74,73,67,71
72,73,72,63,71
73,73,74,64,71
77,74,76,64,73
72,76,76,65,74
72,73,75,67,72
75,72,74,67,69
79,77,74,62,73
84,82,78,70,77
88,85,81,78,82
89,90,87,87,89
90,93,92,94,92
90,95,88,99,89
97,98,89,105,94
105,104,94,112,102
107,109,100,124,108
108,112,104,140,112
108,114,103,134,108
117,114,109,115,107
114,114,110,109,104
120,119,107,108,107
118,123,109,107,107
105,127,107,107,103
99,118,105,103,100
99,108,103,100,99
100,103,105,99,102
102,103,107,100,107
100,100,105,103,107
104,105,105,108,112
107,112,105,119,114
112,120,105,120,115
114,125,109,125,120
123,125,114,127,123
127,129,122,137,127
128,137,125,152,132
133,137,127,168,132
142,139,130,176,135
159,155,137,193,143
166,163,142,195,148
176,176,140,202,149
195,186,142,209,148
204,203,155,207,150
206,203,162,192,172
175,205,169,129,190
85,100,155,124,142
64,70,105,69,125
138,158,39,23,92
99,156,45,24,52
28,28,20,25,33
19,20,17,25,18
19,20,16,25,20
19,20,17,25,20
20,20,17,26,21
21,21,18,27,22
23,23,18,28,23
24,24,20,29,25
24,25,20,29,26
24,25,21,29,27
24,25,20,29,26
24,24,20,28,26
23,23,19,28,24
21,22,17,27,21
17,20,16,25,20
17,18,57,24,20
22,20,17,23,21
21,20,18,24,24
20,19,16,23,25
17,17,14,22,24
18,16,17,22,20
17,18,25,20,17
15,12,27,19,14
17,13,21,21,13
17,11,25,19,19
15,14,26,15,15
16,19,29,17,16
17,23,20,19,20
17,15,15,20,18
20,19,15,20,20
22,21,17,20,28
22,22,17,22,25
21,22,18,25,27
22,23,20,26,27
23,25,22,26,27
24,24,26,25,31
26,22,27,21,41
35,28,40,25,45
41,31,42,41,52
47,36,45,45,55
52,41,52,45,56
57,51,56,54,64
61,56,57,65,58
66,60,59,61,54
67,63,58,58,51
62,68,57,51,47
56,67,55,46,50
53,53,52,36,44
48,44,51,32,41
35,37,54,30,38
31,40,59,31,44
31,33,55,38,50
40,36,52,59,41
53,52,55,71,51
79,89,71,71,73
100,103,94,78,84
109,117,105,102,99
125,127,123,120,109
124,125,137,125,127
120,124,132,132,142
132,134,144,129,160
149,150,159,122,172
165,162,170,132,179
179,179,186,139,189
186,190,196,140,196
189,196,201,148,203
192,200,204,162,208
188,200,207,155,209
186,198,211,150,208
182,190,223,158,204
179,189,210,162,189
179,186,176,160,189
169,180,170,158,195
165,172,168,158,198
166,169,168,158,190
168,159,168,156,173
173,169,172,156,188
183,173,188,156,199
166,150,207,168,202
155,153,182,163,179
153,147,168,150,168
155,152,158,149,158
156,156,168,152,166
149,147,168,163,172
138,138,179,153,189
162,148,201,155,199
203,199,208,165,209
206,196,217,175,211
216,207,211,192,211
218,210,210,183,210
211,215,211,176,212
189,216,216,172,216
201,204,219,188,220
210,204,218,185,222
213,212,219,200,217
209,214,221,196,217
176,185,156,182,176
92,100,95,168,88
59,56,51,162,57
33,38,35,115,26
26,23,28,38,26
27,23,26,25,25
28,24,25,26,27
28,25,22,27,28
29,26,20,28,28
29,26,20,28,28
28,23,20,28,28
27,24,20,27,27
25,23,20,23,26
25,23,19,21,24
23,20,15,23,25
24,20,19,22,24
24,22,18,20,22
23,17,17,18,19
18,14,22,18,21
17,11,25,16,23
18,13,29,15,22
19,13,35,19,19
32,29,36,32,24
24,23,35,30,21
22,19,25,21,15
25,25,24,27,24
24,22,23,29,25
25,23,24,26,29
26,24,23,26,26
27,25,19,26,27
27,25,19,26,27
28,25,20,26,27
28,25,20,27,28
28,25,20,27,28
28,25,20,26,28
27,25,21,26,28
25,22,20,25,27
24,21,22,23,27
22,20,21,23,23
22,16,26,21,21
23,15,30,21,31
30,22,52,23,42
29,24,47,23,48
30,27,47,26,38
32,28,43,27,39
33,27,36,28,40
32,27,35,35,46
38,28,45,45,47
51,42,44,46,49
51,52,54,51,55
56,51,57,57,49
54,53,54,57,54
58,57,60,57,60
60,58,67,58,66
63,63,66,57,67
63,63,67,58,70
65,65,71,59,72
72,71,76,64,75
70,67,74,84,77
75,73,81,82,81
79,76,83,81,86
81,77,83,86,90
84,76,85,85,91
85,75,86,89,84
86,76,85,86,82
84,76,79,76,72
85,72,81,76,67
83,71,79,75,71
81,71,79,70,67
77,69,78,67,68
70,66,76,67,71
70,61,77,66,74
75,64,107,66,78
75,69,95,66,78
74,69,90,68,80
68,64,77,78,79
65,57,70,69,67
61,53,70,59,60
55,51,56,53,65
53,51,54,38,66
60,57,60,32,61
57,52,56,33,60
58,55,59,34,59
68,61,67,44,68
74,71,77,60,75
73,69,71,69,67
69,65,66,79,66
66,61,68,123,54
67,60,68,129,58
80,62,66,114,52
98,66,88,98,61
145,85,114,71,98
158,139,123,94,115
175,150,138,152,135
204,170,166,163,147
211,201,166,112,148
206,207,114,58,122
205,203,168,52,155
199,206,204,54,200
203,210,201,81,206
204,201,201,143,196
196,196,185,162,173
176,183,168,173,169
165,166,158,170,156
147,163,144,175,140
162,165,145,188,138
168,175,156,193,147
190,195,172,190,149
190,198,193,192,196
195,201,193,200,192
204,207,201,203,192
198,211,211,201,208
190,204,208,202,209
193,209,201,200,217
201,209,205,206,219
201,210,208,210,211
196,205,214,213,208
185,198,207,207,211
182,189,204,205,213
196,185,206,204,213
196,185,213,203,212
200,200,216,216,203
206,201,220,230,207
208,212,224,229,218
218,229,225,241,223
225,238,223,248,221
228,234,231,243,226
218,223,237,226,226
210,217,228,227,225
203,210,218,222,206
211,214,211,221,204
213,217,223,216,216
220,218,231,219,225
220,223,237,221,232
222,226,239,224,234
224,224,232,224,226
224,221,230,229,227
227,221,232,229,229
227,222,237,204,233
231,223,246,228,241
233,223,251,237,244
238,232,252,241,244
239,235,256,246,241
240,241,252,252,241
243,248,261,252,250
241,249,263,248,258
240,249,265,239,264
219,229,252,212,256
173,193,221,169,218
152,147,155,112,200
98,94,135,75,182
89,85,132,65,108
89,85,94,60,88
95,89,79,53,92
83,78,94,58,135
107,100,149,63,162
158,145,176,83,172
169,178,201,107,186
175,182,195,98,175
185,193,159,82,148
179,190,160,100,117
173,175,149,129,94
183,189,130,206,82
196,199,85,209,88
225,233,92,212,88
225,238,127,212,100
230,241,175,214,115
237,243,196,218,134
239,243,221,220,127
246,246,219,222,162
258,255,222,218,211
266,261,225,222,216
265,263,224,224,218
265,265,239,225,223
264,256,249,230,229
245,248,244,238,227
220,215,236,241,215
206,211,211,233,209
213,212,213,240,203
219,218,226,247,219
240,224,262,260,229
259,243,268,264,252
267,267,259,264,255
267,266,256,259,252
258,265,257,253,256
256,259,256,249,256
259,259,253,252,254
255,258,221,217,256
218,249,219,205,169
160,210,225,173,143
124,127,166,135,61
102,127,94,75,70
109,125,60,55,65
70,63,61,39,54
52,52,52,36,52
52,52,45,35,51
73,82,55,58,64
124,140,82,142,124
120,125,107,107,109
107,108,106,78,110
102,94,111,101,105
92,84,98,97,105
82,77,84,87,79
72,67,81,82,79
67,62,81,74,73
59,53,76,60,67
52,47,70,52,63
54,50,63,48,60
57,52,64,47,48
58,53,60,52,45
56,52,64,53,45
55,49,61,55,47
57,50,59,54,48
58,51,56,54,47
59,52,57,59,54
61,63,59,62,59
63,64,84,61,61
65,64,69,61,66
68,69,76,60,67
74,73,78,62,70
80,80,85,66,70
88,87,89,72,70
91,86,94,78,91
88,88,92,84,92
94,90,92,86,94
95,92,95,88,97
99,95,97,95,100
107,95,101,99,106
112,100,102,103,114
117,112,106,113,120
124,115,107,119,119
133,118,107,106,114
135,122,106,99,109
124,123,106,98,105
117,119,99,105,100
103,113,97,93,97
95,109,95,88,90
93,99,94,89,87
93,94,95,88,82
96,95,99,84,83
94,95,100,84,89
94,93,103,90,105
101,98,104,90,111
115,118,114,102,119
119,120,123,114,134
107,102,112,111,125
167,142,166,128,136
295,208,302,186,315
295,500,500,498,500
295,500,500,500,500
500,500,500,500,500
457,500,500,500,500
236,500,485,500,500
167,452,500,500,499
236,500,500,500,500
401,500,500,500,500
239,500,495,500,445
188,485,452,422,372
165,418,352,135,275
80,138,300,98,218
79,109,188,85,161
92,100,131,84,133
109,110,109,74,108
78,83,93,66,94
69,68,82,66,78
67,67,74,74,71
68,66,66,67,68
65,67,67,69,68
75,76,80,78,73
77,85,73,78,78
73,79,69,84,80
78,80,82,81,85
75,76,82,81,85
86,95,101,104,113
111,120,125,98,121
119,131,123,107,119
125,119,115,117,112
110,113,108,101,104
120,130,126,118,134
78,92,82,78,90
53,57,55,58,63
56,65,52,55,58
51,56,46,48,51
36,40,29,41,29
49,45,44,48,44
61,62,60,72,62
74,73,68,71,74
68,68,57,68,52
56,57,47,63,46
48,52,42,56,38
47,43,39,39,43
42,40,39,33,40
42,41,38,31,42
42,41,39,34,43
47,55,47,51,44
47,45,48,56,47
46,55,47,61,50
51,51,52,57,52
58,54,55,53,55
58,55,56,56,56
61,59,60,57,61
62,57,62,59,63
62,55,62,64,62
62,53,63,63,67
65,53,61,67,64
65,53,65,79,60
67,57,65,72,61
72,53,64,60,62
73,58,62,54,60
74,58,62,55,58
72,59,62,55,60
70,63,63,54,63
70,65,64,56,64
72,67,65,56,66
75,66,68,63,70
78,69,72,71,67
87,70,77,75,68
97,76,79,77,73
99,76,82,80,78
84,71,84,90,82
83,71,81,89,80
84,74,86,86,81
97,77,87,84,82
98,87,89,86,89
99,83,90,88,89
93,81,94,97,88
96,79,92,92,93
93,77,91,91,93
94,75,88,91,88
92,76,84,89,87
86,74,85,91,84
85,71,88,87,79
85,70,87,86,77
85,72,88,84,77
88,72,83,81,83
87,77,90,83,83
89,78,94,88,91
97,92,90,90,92
109,99,102,91,106
115,105,109,116,115
121,110,113,118,122
117,109,111,115,122
115,98,98,111,99
128,106,116,89,127
145,123,138,80,159
216,167,189,175,272
275,195,193,399,219
265,191,193,352,296
194,170,171,220,164
197,189,188,194,141
162,160,165,188,128
188,169,147,296,136
202,181,155,412,156
280,256,273,500,202
232,233,238,395,187
199,192,182,270,176
181,166,157,150,127
132,119,106,116,96
104,95,93,98,87
96,91,89,86,84
92,87,90,76,80
81,82,78,76,74
76,68,63,70,63
73,57,60,61,59
57,58,60,56,59
57,56,56,59,59
54,54,53,57,56
56,60,56,54,56
54,59,52,49,55
50,55,48,49,51
48,50,43,50,43
45,45,36,47,40
44,44,35,42,37
44,45,37,39,34
44,41,44,38,31
36,37,37,39,36
33,31,25,50,29
39,34,24,57,27
41,32,34,55,29
41,31,36,54,28
41,32,41,53,36
45,34,44,52,39
43,36,44,53,39
51,40,53,51,41
58,47,57,51,43
54,52,55,59,45
49,53,45,55,48
47,51,43,32,44
43,45,48,28,53
54,47,46,35,59
52,52,51,42,62
55,53,55,51,67
57,57,59,55,69
62,60,65,56,74
67,63,69,67,76
67,63,70,73,79
63,62,68,70,83
61,58,62,65,68
59,54,60,62,65
56,52,58,61,64
56,50,60,60,62
58,49,61,55,66
63,53,62,52,68
66,54,64,51,68
68,57,62,52,68
69,59,62,52,62
68,60,62,58,62
69,69,60,63,62
76,70,62,65,60
81,75,65,69,61
85,83,70,69,66
89,88,77,89,72
91,90,85,95,81
97,94,91,86,89
107,97,104,85,106
98,91,104,83,113
92,88,104,82,110
92,84,95,89,102
85,81,95,94,105
87,80,99,90,125
94,88,97,87,119
92,84,97,89,133
103,88,108,93,129
112,97,98,93,119
105,103,91,95,109
89,98,93,97,99
74,87,93,102,65
73,79,87,99,21
57,73,81,93,20
40,62,60,88,30
22,47,45,94,26
22,46,38,97,22
18,22,30,89,25
22,17,20,81,24
23,19,19,51,25
25,22,19,33,25
28,24,20,26,28
29,26,20,26,29
29,27,20,28,30
30,27,23,29,30
28,27,23,30,35
30,30,26,30,33
33,29,23,27,29
29,25,25,23,31
32,21,33,29,47
42,27,44,32,59
51,38,52,38,58
56,48,53,57,59
59,54,55,53,65
61,56,59,60,62
64,58,62,60,56
67,62,49,57,47
68,62,56,56,40
64,62,57,53,47
61,63,58,51,51
68,62,55,46,46
66,66,58,51,52
66,65,60,64,57
80,80,65,94,66
105,120,72,105,71
119,124,110,115,102
119,120,139,115,128
115,114,132,113,123
95,89,113,92,99
70,70,93,77,85
75,84,94,70,113
105,112,133,77,142
108,110,122,79,130
114,115,118,108,115
108,112,118,117,115
109,113,112,117,115
112,114,107,129,110
118,120,103,135,110
127,127,112,143,112
135,133,115,156,114
142,148,115,166,119
148,152,127,173,130
150,156,135,176,134
150,158,143,179,137
158,160,149,185,142
159,162,158,190,143
172,168,168,193,158
188,188,180,189,173
193,192,188,192,182
198,186,182,189,180
195,185,180,192,180
175,150,178,173,172
138,128,156,153,148
128,128,138,143,144
130,129,132,137,135
124,120,128,134,132
123,120,122,143,134
128,124,125,153,134
135,137,132,163,143
140,138,138,170,147
148,144,142,178,150
152,150,142,179,153
162,149,145,179,152
175,149,150,185,155
185,166,155,186,156
193,173,163,201,159
192,179,178,207,162
190,185,180,208,162
183,182,178,217,165
176,175,192,222,180
169,163,203,221,199
169,168,207,204,206
166,160,207,192,198
153,148,172,175,170
140,139,139,170,142
135,127,173,159,127
114,113,160,148,132
102,97,117,129,122
90,89,95,109,105
97,95,104,118,107
107,103,158,158,114
112,110,158,173,115
120,120,115,175,119
128,129,124,180,127
127,128,178,178,133
132,132,190,203,147
178,155,190,205,185
189,192,196,219,440
500,500,500,357,500
500,500,500,500,500
500,500,500,500,500
500,500,500,500,500
500,500,500,500,500
500,500,500,500,500
500,500,500,500,500
500,500,500,500,500
500,500,500,500,471
500,500,500,500,413
500,500,382,499,332
387,374,243,429,263
236,223,173,384,202
171,170,144,375,159
156,152,136,347,152
148,143,128,275,141
174,157,108,131,121
135,128,101,118,105
104,102,106,116,104
102,105,109,184,111
111,110,107,176,109
157,152,102,159,105
155,153,103,139,105
148,147,108,131,107
139,140,111,131,111
128,127,110,130,114
118,125,108,132,118
124,120,108,129,116
112,114,115,123,117
91,101,105,118,115
91,99,93,109,112
98,102,97,107,112
102,100,91,100,102
101,91,85,87,94
101,98,87,85,99
103,107,89,87,109
98,103,86,96,109
90,91,83,95,124
90,89,84,90,115
93,90,87,88,106
92,91,93,92,99
69,71,62,102,73
62,61,60,96,57
56,57,55,68,55
53,53,49,48,50
53,53,48,36,41
43,40,55,33,38
36,33,52,31,38
35,32,36,33,43
36,32,34,38,41
41,36,35,39,40
46,40,39,46,43
48,43,42,41,45
49,50,44,36,44
63,69,46,44,43
79,81,54,69,53
83,76,67,83,67
79,77,77,81,78
83,82,80,77,79
90,87,82,76,84
89,84,91,77,95
92,89,101,79,96
93,83,100,81,99
80,72,90,80,89
73,70,78,75,74
66,64,72,77,73
66,59,72,84,66
62,58,68,78,64
64,61,67,75,63
73,63,75,71,63
73,65,77,70,75
70,61,73,77,75
75,67,72,74,75
73,74,74,71,77
76,73,73,72,79
80,74,76,72,83
80,76,77,73,81
81,77,69,73,75
77,70,54,66,63
66,62,50,61,55
51,49,45,55,51
47,42,33,50,31
39,33,29,44,29
32,30,29,35,30
31,28,30,32,30
30,30,29,31,30
30,28,31,32,29
40,52,30,37,27
86,82,55,38,74
82,78,80,49,81
84,78,81,49,88
85,76,85,53,96
80,82,38,50,67
53,76,23,37,55
47,54,24,30,43
25,31,26,26,32
28,21,37,25,41
26,18,34,24,38
27,25,39,26,37
27,28,45,28,39
24,24,30,27,35
24,22,24,33,26
27,24,25,34,29
36,34,34,35,37
53,53,47,45,51
61,60,60,51,62
63,61,62,53,65
64,62,63,59,64
63,62,63,59,66
68,64,69,61,77
85,79,89,66,96
90,83,93,74,89
86,82,90,85,89
86,80,91,83,92
90,82,90,86,91
89,86,88,87,91
89,84,82,90,91
90,87,81,98,87
88,82,79,101,85
86,78,79,99,83
83,75,81,91,70
75,71,80,81,65
68,69,70,84,65
63,59,64,75,63
60,56,58,68,55
43,40,45,43,50
34,29,35,28,41
30,28,30,29,42
30,27,27,30,37
30,28,25,30,30
32,28,26,30,31
32,29,26,31,42
32,29,26,31,48
33,31,32,29,38
45,27,37,28,44
53,38,44,40,52
53,41,48,48,61
54,43,53,49,61
59,50,57,62,72
69,58,62,84,75
70,63,71,105,70
70,64,68,95,76
87,82,64,96,75
96,92,81,93,74
95,93,96,89,87
91,89,90,96,88
90,90,89,99,94
92,85,99,92,101
93,85,102,94,104
92,86,98,89,99
88,83,93,92,97
95,86,95,88,98
99,90,99,92,109
106,103,105,107,111
102,97,103,108,111
101,92,97,104,105
103,93,97,109,105
105,94,100,115,110
110,94,104,123,114
114,99,108,137,118
127,109,113,143,120
134,114,119,152,124
139,129,125,143,130
140,138,124,140,134
143,138,124,138,134
147,143,130,143,129
147,145,134,143,132
145,143,135,144,129
147,142,132,142,130
143,140,127,129,132
138,138,130,132,142
142,139,132,138,149
150,140,133,147,160
156,149,143,156,159
152,150,149,142,160
153,152,149,152,178
144,145,142,144,155
128,125,120,125,130
104,104,110,100,109
107,110,103,97,127
79,80,93,94,114
96,90,105,97,117
93,86,104,93,106
110,98,130,97,120
122,112,146,104,124
127,119,146,113,128
127,120,145,120,133
123,115,142,119,134
121,109,131,120,134
121,108,125,122,129
126,107,120,123,122
126,105,118,128,118
123,105,119,122,114
125,105,120,111,114
128,122,123,108,118
124,127,123,113,123
121,124,122,118,124
128,133,123,125,127
138,145,128,134,135
150,148,135,144,147
119,105,135,143,137
99,95,100,117,137
99,95,93,92,109
95,90,101,101,114
96,89,102,94,114
99,92,117,100,112
101,93,115,107,109
97,89,115,108,111
96,87,131,100,110
93,87,121,98,112
93,88,115,96,111
94,87,110,95,107
94,84,107,101,106
95,88,104,93,105
97,90,100,88,104
98,95,98,87,103
99,97,101,94,103
104,100,99,98,106
108,103,99,100,113
110,107,102,102,122
108,100,108,107,122
84,82,103,103,113
76,75,82,78,88
69,69,75,69,82
68,68,79,67,81
75,73,84,68,87
72,69,81,68,87
70,67,74,69,78
67,64,78,71,78
67,62,79,67,76
67,63,66,67,74
70,65,69,71,75
70,65,74,73,81
70,68,74,72,84
71,69,76,75,85
74,69,77,79,86
76,73,80,81,85
78,72,82,84,87
78,73,83,85,90
80,76,84,91,93
84,78,84,94,94
87,83,89,105,96
90,89,94,118,101
95,97,102,119,107
99,100,112,117,110
92,92,110,110,110
71,68,82,82,89
61,60,64,62,73
61,59,64,60,71
60,57,68,61,73
61,57,67,60,76
61,58,66,58,74
66,61,69,59,74
70,63,72,63,73
72,67,75,71,77
74,68,83,76,82
77,70,88,81,89
82,75,89,84,87
87,83,85,88,88
90,88,89,92,90
90,90,93,93,94
93,92,95,93,100
94,92,99,93,107
97,95,100,93,113
100,100,99,94,117
102,103,100,99,114
104,108,104,99,110
109,110,107,95,114
115,113,110,95,119
117,114,115,90,124
122,118,119,94,127
127,122,122,98,130
132,125,127,99,133
129,120,109,107,114
110,104,95,112,95
107,104,92,109,88
110,104,85,110,93
119,113,100,112,95
130,127,122,109,122
124,129,125,62,132
83,79,128,68,133
75,73,118,76,137
77,72,73,76,97
78,69,73,73,76
78,68,76,71,80
76,70,72,69,84
72,67,72,70,81
71,66,72,73,79
71,69,70,74,74
72,70,70,75,74
72,69,74,81,76
75,71,73,79,78
75,75,72,82,84
75,77,77,79,88
82,76,76,75,83
83,77,80,75,84
83,76,75,71,83
84,76,77,72,83
82,74,75,78,83
78,74,73,76,80
74,67,70,70,79
72,68,66,66,77
72,69,65,59,74
70,68,64,62,74
69,67,64,64,70
71,65,64,67,75
74,69,68,74,76
73,68,68,78,77
75,72,71,75,74
65,66,67,60,75
59,54,58,55,66
56,52,54,47,58
49,46,50,52,54
52,48,52,53,53
53,48,51,53,52
52,48,50,56,51
52,49,43,59,43
52,49,41,49,38
46,43,36,45,36
40,37,31,38,32
36,32,32,36,28
30,28,32,26,27
25,25,22,26,26
25,24,23,25,28
24,24,19,24,28
22,21,20,22,27
23,22,21,21,27
23,22,21,24,27
23,23,18,26,27
23,23,18,25,27
24,24,20,23,22
23,23,23,23,18
20,19,25,23,15
18,17,22,23,19
18,19,20,26,17
21,22,20,28,18
25,23,22,28,15
27,28,23,27,17
31,30,28,30,20
36,33,30,31,25
38,33,35,32,36
41,36,39,31,41
40,38,40,32,46
37,36,39,34,48
41,41,42,35,49
44,46,46,36,49
47,47,44,46,45
49,47,36,43,35
46,51,33,63,44
54,55,52,68,51
52,54,51,61,52
52,55,53,66,55
55,56,57,64,58
58,58,59,58,62
58,62,60,49,50
51,62,51,49,41
28,39,35,53,48
31,35,33,48,37
39,42,37,51,32
38,38,40,54,36
40,38,41,65,37
47,45,45,70,34
48,50,48,75,25
42,41,35,66,24
38,38,31,57,25
34,34,31,62,28
34,34,31,46,41
38,38,42,39,53
52,52,54,46,62
57,56,54,56,60
53,50,49,53,61
51,45,45,49,58
38,35,26,48,44
30,27,22,34,47
30,29,27,32,55
45,36,30,36,55
40,33,29,31,49
38,35,26,27,44
33,27,21,24,38
27,25,20,22,33
27,25,21,23,32
26,25,20,21,35
25,23,19,22,35
25,22,25,19,35
25,22,32,18,38
24,30,35,20,44
26,30,31,21,35
27,31,24,24,27
25,24,20,26,26
26,25,21,25,26
28,27,24,26,29
44,27,23,33,31
35,28,24,35,35
29,29,29,29,46
29,29,25,30,42
33,30,33,30,58
49,37,35,38,62
54,39,40,47,67
69,58,58,78,67
65,59,47,89,54
57,49,33,91,52
41,38,27,87,61
33,30,33,58,46
31,26,36,40,43
27,25,29,43,49
32,27,29,45,45
41,30,33,41,39
42,31,36,36,44
40,33,42,41,46
46,39,49,44,53
55,51,54,49,57
53,52,42,43,47
46,40,35,36,51
40,39,41,38,47
38,38,40,38,43
39,40,39,36,46
41,48,51,37,51
48,57,53,41,55
51,58,63,50,57
49,56,58,54,55
51,55,56,52,56
55,57,58,54,58
52,53,59,56,57
57,58,58,61,56
66,64,67,68,62
71,66,76,71,75
72,68,77,67,76
73,68,77,70,76
75,68,73,70,77
75,70,71,71,75
75,69,70,79,75
78,71,60,94,66
66,69,63,84,63
65,65,71,73,67
80,69,78,65,77
89,83,90,93,100
92,86,99,102,98
91,89,91,109,104
93,93,86,109,95
100,95,84,104,87
94,85,87,100,94
89,87,85,103,93
103,97,87,99,93
125,114,102,99,122
123,109,115,99,127
114,97,117,109,130
114,100,113,118,120
118,109,110,132,112
123,115,109,135,109
125,115,109,133,114
119,113,118,128,115
122,110,132,134,113
127,118,122,139,118
127,117,118,147,114
124,117,112,152,109
122,115,112,152,107
122,114,110,155,107
128,124,113,148,109
145,139,125,145,125
155,150,147,155,130
160,142,155,156,148
150,119,155,155,150
126,123,135,139,138
128,124,120,125,118
128,122,126,115,115
125,118,124,114,135
126,122,140,120,129
126,124,133,139,133
127,124,140,141,141
129,123,135,150,154
149,152,157,160,235
500,500,500,500,500
500,500,500,500,500
500,500,500,500,500
500,500,500,500,500
500,500,500,500,500
500,500,500,500,500
500,500,500,500,500
500,500,500,500,500
500,500,500,500,500
500,500,500,500,500
500,500,500,500,500
500,500,500,500,500
500,500,500,500,500
472,499,488,215,500
220,290,332,175,500
240,239,288,152,446
222,246,260,186,367
178,157,162,173,269
143,128,130,144,143
135,138,131,135,163
135,126,124,137,134
127,119,120,147,124
129,123,118,153,125
123,118,114,147,119
120,113,110,189,117
115,106,101,120,112
107,93,101,243,103
104,96,103,118,97
96,86,95,115,96
94,87,91,112,118
110,83,91,112,96
166,85,88,107,96
183,101,96,103,114
256,139,132,106,122
303,152,122,110,180
338,218,111,114,126
348,269,145,136,139
200,303,149,170,196
315,290,171,197,200
367,355,243,226,213
405,483,296,375,312
479,500,399,379,411
483,493,461,456,480
446,479,474,439,497
500,500,500,458,500
500,500,500,500,500
500,500,500,500,500
500,500,500,500,500
500,500,500,500,500
500,500,500,500,500
500,500,500,500,500
500,492,500,500,500
500,460,500,500,500
500,409,500,500,500
500,379,500,500,500
500,339,500,500,500
500,332,483,500,500
500,342,478,499,488
500,333,471,495,467
500,383,482,500,500
500,456,489,500,500
500,500,500,500,500
500,500,500,500,500
500,500,500,500,500
500,500,500,500,500
500,500,500,500,500
500,500,500,500,500
500,473,500,500,500
470,446,500,489,500
467,434,488,467,500
457,409,453,438,500
463,378,448,436,500
461,343,412,453,500
454,303,412,423,472
433,359,394,400,460
398,320,374,377,439
357,268,354,374,437
322,253,335,348,409
286,220,320,304,373
263,189,269,262,339
230,172,253,252,325
205,161,232,285,322
278,161,203,282,387
500,435,400,385,334
312,245,256,353,174
188,183,196,248,138
154,141,153,169,115
133,125,138,124,108
108,105,105,123,98
90,87,93,109,85
74,79,75,82,70
78,73,69,82,67
128,94,89,97,90
112,99,87,152,93
103,104,96,152,96
106,105,90,134,101
99,99,85,117,95
97,93,81,111,90
91,84,77,110,88
89,77,76,116,86
99,73,74,118,82
93,70,84,124,86
112,75,93,129,77
113,95,96,125,72
108,91,99,105,67
98,86,88,94,66
88,79,86,127,74
86,81,84,139,83
83,79,81,127,82
79,75,74,103,78
74,74,68,83,74
69,74,65,71,73
70,71,66,66,73
65,71,64,69,80
67,66,65,68,71
64,63,60,66,66
57,55,55,60,59
55,52,48,55,50
36,40,34,37,40
35,36,32,28,36
33,34,29,25,33
32,35,27,45,28
34,33,29,27,28
29,29,24,31,27
29,30,26,38,25
30,26,25,57,24
35,28,25,57,25
39,34,27,56,24
37,38,30,59,24
41,41,40,55,25
45,62,41,57,37
39,44,60,55,40
46,77,39,52,35
44,44,43,47,37
39,45,41,44,37
39,43,40,34,45
39,46,54,29,54
45,52,60,33,59
50,52,63,41,62
58,59,73,46,69
63,63,77,53,72
62,67,75,62,69
63,64,73,70,70
66,63,71,64,70
68,65,73,64,74
74,71,74,80,77
78,72,82,72,79
72,67,80,63,84
77,75,71,63,81
89,77,78,68,80
90,79,95,67,86
95,81,93,70,93
91,79,93,69,95
79,78,89,68,89
76,68,79,68,83
69,62,78,72,82
67,63,75,71,82
68,65,71,66,83
74,71,70,66,80
